index,lang_id
1,sot
2,nso
3,eng
4,nso
5,nso
6,ven
7,eng
8,xho
9,xho
10,nbl
11,sot
12,afr
13,nso
14,eng
15,nso
16,tsn
17,ssw
18,sot
19,tsn
20,ven
21,sot
22,zul
23,tso
24,nso
25,ssw
26,ven
27,eng
28,xho
29,eng
30,tsn
31,tsn
32,nbl
33,nso
34,ven
35,eng
36,sot
37,tsn
38,eng
39,zul
40,tsn
41,eng
42,nbl
43,ssw
44,nbl
45,nbl
46,eng
47,xho
48,zul
49,eng
50,xho
51,tsn
52,ssw
53,xho
54,tso
55,afr
56,sot
57,tsn
58,zul
59,xho
60,tso
61,nbl
62,ssw
63,eng
64,ssw
65,sot
66,xho
67,zul
68,nso
69,ven
70,xho
71,nbl
72,zul
73,zul
74,eng
75,tso
76,ven
77,nso
78,nso
79,zul
80,zul
81,ven
82,sot
83,eng
84,tsn
85,tsn
86,zul
87,ven
88,afr
89,tso
90,tso
91,nso
92,xho
93,ven
94,eng
95,xho
96,ssw
97,eng
98,sot
99,afr
100,sot
101,xho
102,ven
103,zul
104,tsn
105,nbl
106,tsn
107,eng
108,xho
109,nbl
110,xho
111,sot
112,zul
113,nso
114,tsn
115,nbl
116,xho
117,zul
118,nbl
119,tso
120,zul
121,sot
122,zul
123,tso
124,ven
125,zul
126,ssw
127,eng
128,ssw
129,tsn
130,nso
131,afr
132,sot
133,xho
134,sot
135,tsn
136,xho
137,afr
138,tso
139,ssw
140,ssw
141,ssw
142,tsn
143,zul
144,nso
145,zul
146,eng
147,eng
148,nso
149,xho
150,ven
151,xho
152,tso
153,tsn
154,zul
155,zul
156,eng
157,sot
158,afr
159,eng
160,ven
161,zul
162,ven
163,xho
164,xho
165,nbl
166,zul
167,eng
168,tsn
169,tso
170,nbl
171,tsn
172,tsn
173,zul
174,ven
175,eng
176,nbl
177,zul
178,ssw
179,xho
180,ven
181,nso
182,zul
183,ssw
184,eng
185,sot
186,sot
187,xho
188,sot
189,sot
190,nso
191,xho
192,eng
193,afr
194,afr
195,tsn
196,tso
197,tsn
198,ven
199,sot
200,afr
201,afr
202,sot
203,sot
204,nbl
205,nso
206,sot
207,afr
208,tso
209,ven
210,tso
211,ssw
212,tso
213,ssw
214,ssw
215,zul
216,nbl
217,eng
218,afr
219,eng
220,nso
221,nbl
222,nso
223,ven
224,eng
225,tsn
226,afr
227,xho
228,nso
229,nso
230,ssw
231,zul
232,xho
233,xho
234,afr
235,xho
236,nso
237,afr
238,sot
239,xho
240,eng
241,xho
242,zul
243,ssw
244,zul
245,sot
246,tsn
247,zul
248,tso
249,tsn
250,ven
251,zul
252,xho
253,sot
254,zul
255,eng
256,ven
257,xho
258,xho
259,sot
260,tso
261,afr
262,afr
263,afr
264,nbl
265,eng
266,xho
267,nbl
268,tsn
269,tsn
270,sot
271,sot
272,afr
273,eng
274,afr
275,zul
276,afr
277,zul
278,ssw
279,eng
280,ssw
281,ssw
282,zul
283,ven
284,sot
285,eng
286,zul
287,eng
288,nso
289,zul
290,eng
291,ven
292,tsn
293,tso
294,afr
295,xho
296,tso
297,ven
298,nbl
299,eng
300,afr
301,nbl
302,tso
303,ven
304,xho
305,zul
306,sot
307,nbl
308,tsn
309,afr
310,tsn
311,tsn
312,nbl
313,nso
314,tsn
315,ssw
316,ven
317,zul
318,afr
319,zul
320,tso
321,afr
322,ven
323,ven
324,tsn
325,ssw
326,nbl
327,nso
328,tsn
329,tsn
330,zul
331,tso
332,tsn
333,nbl
334,nbl
335,ven
336,eng
337,zul
338,ven
339,nbl
340,xho
341,xho
342,tsn
343,tso
344,zul
345,zul
346,nbl
347,tsn
348,tso
349,tso
350,sot
351,nso
352,ssw
353,tsn
354,tsn
355,ssw
356,tsn
357,nso
358,nbl
359,zul
360,nbl
361,ven
362,ssw
363,ven
364,ssw
365,ven
366,tsn
367,zul
368,zul
369,ssw
370,tsn
371,nso
372,afr
373,sot
374,nso
375,tso
376,xho
377,afr
378,tsn
379,tso
380,ven
381,zul
382,ven
383,tso
384,nbl
385,nso
386,nbl
387,tsn
388,eng
389,nbl
390,xho
391,ven
392,tsn
393,nso
394,tsn
395,sot
396,ssw
397,sot
398,xho
399,afr
400,tsn
401,ssw
402,tso
403,ven
404,ven
405,sot
406,nbl
407,ssw
408,sot
409,ven
410,ven
411,sot
412,tso
413,tsn
414,zul
415,xho
416,eng
417,ssw
418,sot
419,nbl
420,ssw
421,xho
422,tso
423,ven
424,nso
425,ssw
426,tso
427,tso
428,zul
429,tso
430,afr
431,tsn
432,ven
433,xho
434,tsn
435,eng
436,ssw
437,tso
438,xho
439,ven
440,sot
441,nso
442,nso
443,ssw
444,ssw
445,ven
446,zul
447,tsn
448,ven
449,xho
450,tsn
451,nbl
452,ssw
453,afr
454,xho
455,sot
456,nbl
457,eng
458,sot
459,nso
460,zul
461,zul
462,nso
463,nso
464,afr
465,tso
466,ssw
467,tso
468,ven
469,sot
470,nso
471,nbl
472,eng
473,sot
474,ven
475,zul
476,sot
477,nbl
478,xho
479,afr
480,tsn
481,eng
482,afr
483,tso
484,ssw
485,sot
486,nbl
487,nbl
488,afr
489,eng
490,sot
491,zul
492,tso
493,ssw
494,ssw
495,xho
496,tsn
497,tsn
498,tsn
499,nso
500,tso
501,ven
502,nso
503,nbl
504,xho
505,ssw
506,ssw
507,tso
508,tsn
509,nbl
510,sot
511,zul
512,tso
513,nbl
514,nso
515,nso
516,zul
517,ven
518,tsn
519,tsn
520,tso
521,eng
522,xho
523,nso
524,zul
525,ven
526,ssw
527,ven
528,tso
529,nbl
530,nbl
531,eng
532,nbl
533,sot
534,nso
535,ven
536,sot
537,nbl
538,nso
539,sot
540,tsn
541,tso
542,nbl
543,sot
544,nbl
545,nso
546,ven
547,zul
548,eng
549,nbl
550,nbl
551,tsn
552,tsn
553,zul
554,tsn
555,nso
556,nso
557,tsn
558,tso
559,afr
560,nbl
561,zul
562,nbl
563,ven
564,eng
565,ven
566,tsn
567,nbl
568,zul
569,nso
570,nso
571,xho
572,tso
573,ssw
574,ven
575,eng
576,afr
577,afr
578,tso
579,xho
580,tso
581,ven
582,sot
583,sot
584,nbl
585,tsn
586,eng
587,eng
588,ssw
589,zul
590,ven
591,ssw
592,ven
593,xho
594,nso
595,zul
596,nso
597,eng
598,tso
599,nbl
600,xho
601,tso
602,nso
603,xho
604,eng
605,eng
606,ven
607,zul
608,sot
609,ven
610,eng
611,nbl
612,tsn
613,nso
614,nso
615,nso
616,tsn
617,nbl
618,afr
619,zul
620,nso
621,zul
622,nso
623,tso
624,afr
625,tso
626,afr
627,ven
628,xho
629,afr
630,zul
631,zul
632,ssw
633,ssw
634,ssw
635,afr
636,nbl
637,tso
638,ven
639,nso
640,afr
641,sot
642,zul
643,tso
644,nso
645,ssw
646,tsn
647,xho
648,tso
649,afr
650,afr
651,nso
652,xho
653,nso
654,afr
655,ven
656,afr
657,nbl
658,eng
659,tso
660,tsn
661,afr
662,afr
663,nbl
664,eng
665,afr
666,nso
667,afr
668,xho
669,tsn
670,nbl
671,sot
672,nbl
673,nso
674,ssw
675,nso
676,sot
677,nso
678,ven
679,afr
680,eng
681,tso
682,tsn
683,afr
684,xho
685,nso
686,tsn
687,nbl
688,nso
689,sot
690,ssw
691,xho
692,tsn
693,nbl
694,eng
695,tsn
696,afr
697,xho
698,zul
699,ssw
700,eng
701,afr
702,xho
703,nbl
704,zul
705,sot
706,tsn
707,zul
708,nso
709,tsn
710,ven
711,nbl
712,nbl
713,nso
714,nbl
715,nso
716,xho
717,nso
718,nso
719,ssw
720,afr
721,ven
722,sot
723,eng
724,xho
725,eng
726,sot
727,eng
728,nbl
729,eng
730,ssw
731,ven
732,nso
733,tso
734,sot
735,nbl
736,nbl
737,sot
738,ssw
739,tso
740,afr
741,sot
742,afr
743,xho
744,sot
745,sot
746,sot
747,nbl
748,zul
749,tso
750,afr
751,nbl
752,nbl
753,tso
754,sot
755,tsn
756,xho
757,ssw
758,tsn
759,afr
760,tso
761,ven
762,ssw
763,afr
764,eng
765,tsn
766,tso
767,tsn
768,afr
769,zul
770,zul
771,sot
772,tsn
773,nso
774,nbl
775,xho
776,nbl
777,eng
778,nbl
779,zul
780,zul
781,tso
782,nso
783,eng
784,nso
785,ssw
786,eng
787,nso
788,ssw
789,sot
790,nso
791,ven
792,sot
793,eng
794,eng
795,afr
796,tsn
797,eng
798,tsn
799,eng
800,tso
801,sot
802,ven
803,eng
804,tso
805,zul
806,zul
807,zul
808,sot
809,ven
810,ven
811,afr
812,ssw
813,zul
814,tso
815,tsn
816,nso
817,tsn
818,ven
819,zul
820,ssw
821,nso
822,zul
823,nbl
824,nso
825,sot
826,tsn
827,nso
828,ssw
829,sot
830,tsn
831,sot
832,ven
833,sot
834,eng
835,nbl
836,eng
837,ven
838,xho
839,tso
840,tsn
841,nso
842,nso
843,zul
844,xho
845,tso
846,zul
847,nbl
848,nso
849,afr
850,zul
851,zul
852,ssw
853,tsn
854,tso
855,ven
856,sot
857,afr
858,sot
859,sot
860,tsn
861,eng
862,tsn
863,eng
864,nbl
865,ssw
866,eng
867,tsn
868,tso
869,sot
870,sot
871,nso
872,nso
873,nso
874,nso
875,nbl
876,nbl
877,afr
878,xho
879,afr
880,ssw
881,zul
882,zul
883,xho
884,eng
885,sot
886,afr
887,xho
888,tso
889,sot
890,ven
891,afr
892,zul
893,sot
894,eng
895,tso
896,tso
897,nso
898,nbl
899,nso
900,afr
901,eng
902,tsn
903,zul
904,tso
905,ven
906,ssw
907,ven
908,sot
909,tsn
910,nbl
911,nso
912,xho
913,tso
914,zul
915,nbl
916,xho
917,xho
918,ssw
919,nso
920,nbl
921,tsn
922,afr
923,ssw
924,ven
925,zul
926,zul
927,sot
928,eng
929,ven
930,eng
931,eng
932,tsn
933,sot
934,ssw
935,ven
936,sot
937,eng
938,ssw
939,nso
940,sot
941,eng
942,ven
943,ven
944,tsn
945,zul
946,eng
947,tso
948,sot
949,afr
950,eng
951,xho
952,ven
953,ven
954,ven
955,nbl
956,tsn
957,tso
958,zul
959,nbl
960,sot
961,nso
962,nso
963,ssw
964,tsn
965,nbl
966,nso
967,xho
968,sot
969,ven
970,nbl
971,xho
972,ssw
973,nbl
974,zul
975,sot
976,eng
977,zul
978,sot
979,afr
980,afr
981,nbl
982,ssw
983,sot
984,nso
985,nbl
986,afr
987,tso
988,xho
989,eng
990,afr
991,zul
992,nso
993,nbl
994,tsn
995,ssw
996,tsn
997,sot
998,zul
999,nbl
1000,zul
1001,tso
1002,tsn
1003,ssw
1004,ven
1005,xho
1006,eng
1007,ven
1008,eng
1009,nbl
1010,ssw
1011,ven
1012,ssw
1013,sot
1014,afr
1015,tsn
1016,zul
1017,ven
1018,tsn
1019,eng
1020,ven
1021,sot
1022,xho
1023,nso
1024,ssw
1025,nso
1026,tsn
1027,afr
1028,eng
1029,zul
1030,sot
1031,afr
1032,sot
1033,nbl
1034,xho
1035,sot
1036,eng
1037,nso
1038,tsn
1039,afr
1040,afr
1041,xho
1042,nso
1043,tsn
1044,ven
1045,nso
1046,zul
1047,ven
1048,ssw
1049,ven
1050,ssw
1051,zul
1052,tso
1053,zul
1054,xho
1055,ven
1056,zul
1057,tsn
1058,nso
1059,zul
1060,ssw
1061,eng
1062,eng
1063,xho
1064,nbl
1065,nbl
1066,eng
1067,xho
1068,xho
1069,sot
1070,tso
1071,ssw
1072,nso
1073,eng
1074,ven
1075,nbl
1076,tso
1077,tsn
1078,ven
1079,ssw
1080,zul
1081,eng
1082,tsn
1083,nbl
1084,ven
1085,nbl
1086,tsn
1087,ssw
1088,xho
1089,sot
1090,tso
1091,eng
1092,tso
1093,sot
1094,nso
1095,tsn
1096,afr
1097,ven
1098,nbl
1099,tso
1100,nso
1101,nso
1102,zul
1103,sot
1104,sot
1105,ssw
1106,xho
1107,zul
1108,nbl
1109,nbl
1110,nso
1111,nso
1112,eng
1113,sot
1114,sot
1115,nbl
1116,nbl
1117,eng
1118,eng
1119,afr
1120,eng
1121,tso
1122,ssw
1123,xho
1124,zul
1125,eng
1126,xho
1127,ssw
1128,tsn
1129,nso
1130,sot
1131,nbl
1132,ssw
1133,zul
1134,nbl
1135,nso
1136,xho
1137,eng
1138,ven
1139,eng
1140,eng
1141,zul
1142,ven
1143,sot
1144,ssw
1145,ssw
1146,nso
1147,afr
1148,nbl
1149,sot
1150,xho
1151,afr
1152,afr
1153,nso
1154,nso
1155,afr
1156,eng
1157,tso
1158,nbl
1159,nbl
1160,xho
1161,tsn
1162,xho
1163,zul
1164,nso
1165,nso
1166,sot
1167,ssw
1168,nso
1169,eng
1170,eng
1171,xho
1172,nbl
1173,xho
1174,nbl
1175,xho
1176,tso
1177,ssw
1178,nbl
1179,nso
1180,zul
1181,ven
1182,nbl
1183,ssw
1184,xho
1185,afr
1186,tsn
1187,sot
1188,afr
1189,tsn
1190,xho
1191,nso
1192,ssw
1193,nso
1194,nso
1195,sot
1196,afr
1197,eng
1198,nbl
1199,ssw
1200,sot
1201,eng
1202,xho
1203,ven
1204,tsn
1205,eng
1206,eng
1207,afr
1208,afr
1209,afr
1210,afr
1211,zul
1212,nso
1213,xho
1214,sot
1215,ven
1216,ven
1217,xho
1218,ven
1219,nso
1220,afr
1221,eng
1222,nso
1223,sot
1224,nso
1225,afr
1226,ven
1227,sot
1228,ven
1229,nso
1230,ven
1231,tso
1232,tsn
1233,afr
1234,ven
1235,zul
1236,sot
1237,eng
1238,nbl
1239,zul
1240,tso
1241,ssw
1242,xho
1243,tsn
1244,ven
1245,sot
1246,nso
1247,sot
1248,nbl
1249,nso
1250,ven
1251,eng
1252,tso
1253,tsn
1254,nso
1255,tso
1256,zul
1257,zul
1258,ssw
1259,nso
1260,ssw
1261,nso
1262,sot
1263,sot
1264,zul
1265,tso
1266,sot
1267,xho
1268,ssw
1269,xho
1270,tso
1271,xho
1272,ssw
1273,ven
1274,tsn
1275,sot
1276,zul
1277,tsn
1278,ven
1279,nso
1280,nso
1281,ssw
1282,nbl
1283,ven
1284,zul
1285,afr
1286,nbl
1287,sot
1288,tso
1289,zul
1290,eng
1291,nbl
1292,tso
1293,tso
1294,tso
1295,xho
1296,sot
1297,xho
1298,xho
1299,nbl
1300,ven
1301,sot
1302,tso
1303,tsn
1304,ven
1305,nso
1306,zul
1307,tsn
1308,xho
1309,nbl
1310,afr
1311,eng
1312,ssw
1313,sot
1314,nso
1315,ssw
1316,tso
1317,tso
1318,tsn
1319,nbl
1320,eng
1321,tso
1322,zul
1323,ssw
1324,afr
1325,ssw
1326,tso
1327,ven
1328,eng
1329,afr
1330,tsn
1331,nbl
1332,nso
1333,tsn
1334,ssw
1335,xho
1336,eng
1337,eng
1338,eng
1339,nbl
1340,zul
1341,nbl
1342,tsn
1343,xho
1344,tso
1345,afr
1346,sot
1347,zul
1348,sot
1349,xho
1350,tso
1351,ven
1352,nso
1353,ssw
1354,nbl
1355,zul
1356,nbl
1357,xho
1358,sot
1359,afr
1360,ven
1361,zul
1362,tsn
1363,afr
1364,sot
1365,afr
1366,ssw
1367,afr
1368,sot
1369,nbl
1370,xho
1371,nso
1372,eng
1373,ven
1374,sot
1375,tsn
1376,nbl
1377,ven
1378,ssw
1379,tso
1380,afr
1381,tsn
1382,eng
1383,afr
1384,ssw
1385,tso
1386,ssw
1387,nbl
1388,sot
1389,tso
1390,afr
1391,xho
1392,tsn
1393,ven
1394,xho
1395,nso
1396,zul
1397,xho
1398,zul
1399,eng
1400,tsn
1401,ven
1402,nbl
1403,tso
1404,zul
1405,sot
1406,zul
1407,xho
1408,tsn
1409,tso
1410,nbl
1411,ven
1412,ven
1413,eng
1414,nso
1415,eng
1416,ven
1417,ven
1418,tsn
1419,nso
1420,nbl
1421,ven
1422,nbl
1423,nbl
1424,ven
1425,xho
1426,zul
1427,nbl
1428,eng
1429,nso
1430,afr
1431,nso
1432,xho
1433,zul
1434,nbl
1435,afr
1436,sot
1437,ssw
1438,nbl
1439,nbl
1440,sot
1441,tsn
1442,tso
1443,nbl
1444,sot
1445,tsn
1446,ven
1447,tso
1448,ven
1449,ven
1450,xho
1451,tsn
1452,sot
1453,afr
1454,tsn
1455,tsn
1456,nso
1457,nbl
1458,xho
1459,tsn
1460,zul
1461,tso
1462,afr
1463,ssw
1464,zul
1465,ssw
1466,tso
1467,nbl
1468,tsn
1469,xho
1470,eng
1471,nso
1472,xho
1473,sot
1474,afr
1475,tsn
1476,ssw
1477,xho
1478,sot
1479,tsn
1480,ven
1481,eng
1482,afr
1483,ven
1484,afr
1485,tsn
1486,nso
1487,sot
1488,ven
1489,tsn
1490,nso
1491,nso
1492,tsn
1493,ssw
1494,eng
1495,afr
1496,nso
1497,afr
1498,sot
1499,nso
1500,tsn
1501,nso
1502,nbl
1503,nso
1504,tsn
1505,ssw
1506,eng
1507,zul
1508,xho
1509,sot
1510,nbl
1511,sot
1512,tso
1513,ven
1514,nbl
1515,zul
1516,sot
1517,ven
1518,tso
1519,eng
1520,eng
1521,ssw
1522,nbl
1523,nso
1524,ssw
1525,afr
1526,ven
1527,afr
1528,xho
1529,tso
1530,afr
1531,tso
1532,afr
1533,nbl
1534,afr
1535,tso
1536,tsn
1537,ven
1538,xho
1539,ven
1540,nso
1541,xho
1542,sot
1543,zul
1544,nbl
1545,xho
1546,tsn
1547,afr
1548,tsn
1549,tso
1550,zul
1551,eng
1552,xho
1553,ssw
1554,ven
1555,tso
1556,ssw
1557,nso
1558,eng
1559,ven
1560,ssw
1561,nso
1562,nso
1563,xho
1564,nbl
1565,tsn
1566,sot
1567,tsn
1568,nbl
1569,ven
1570,tsn
1571,tsn
1572,ssw
1573,ven
1574,sot
1575,sot
1576,nso
1577,afr
1578,tso
1579,nso
1580,afr
1581,ssw
1582,sot
1583,nso
1584,ven
1585,eng
1586,ven
1587,sot
1588,ssw
1589,xho
1590,afr
1591,nbl
1592,eng
1593,afr
1594,ssw
1595,sot
1596,nbl
1597,eng
1598,zul
1599,nso
1600,xho
1601,tsn
1602,zul
1603,ssw
1604,xho
1605,sot
1606,eng
1607,tso
1608,tso
1609,ven
1610,afr
1611,afr
1612,ssw
1613,xho
1614,zul
1615,ven
1616,xho
1617,ssw
1618,tso
1619,nso
1620,tso
1621,eng
1622,ssw
1623,zul
1624,afr
1625,ven
1626,ssw
1627,sot
1628,afr
1629,tso
1630,ssw
1631,tso
1632,tso
1633,nbl
1634,nso
1635,ssw
1636,nbl
1637,nso
1638,sot
1639,afr
1640,tsn
1641,ven
1642,tsn
1643,sot
1644,nso
1645,ven
1646,sot
1647,xho
1648,sot
1649,nso
1650,tsn
1651,eng
1652,ssw
1653,nbl
1654,nbl
1655,xho
1656,nbl
1657,ssw
1658,tsn
1659,nso
1660,ssw
1661,afr
1662,xho
1663,xho
1664,ven
1665,afr
1666,afr
1667,nbl
1668,ven
1669,afr
1670,nso
1671,nso
1672,nbl
1673,zul
1674,nso
1675,nso
1676,eng
1677,ven
1678,ven
1679,sot
1680,tso
1681,xho
1682,afr
1683,nso
1684,xho
1685,tsn
1686,sot
1687,xho
1688,tsn
1689,afr
1690,nbl
1691,tsn
1692,ven
1693,eng
1694,ven
1695,nso
1696,sot
1697,nso
1698,zul
1699,xho
1700,ssw
1701,ven
1702,zul
1703,ven
1704,eng
1705,nso
1706,nbl
1707,afr
1708,eng
1709,ssw
1710,nso
1711,tsn
1712,xho
1713,nbl
1714,ssw
1715,tsn
1716,xho
1717,zul
1718,xho
1719,ven
1720,nbl
1721,tso
1722,nbl
1723,xho
1724,eng
1725,eng
1726,ssw
1727,nbl
1728,tso
1729,xho
1730,nso
1731,zul
1732,nbl
1733,afr
1734,eng
1735,eng
1736,xho
1737,zul
1738,xho
1739,afr
1740,sot
1741,xho
1742,nso
1743,ven
1744,ssw
1745,zul
1746,afr
1747,xho
1748,tsn
1749,ven
1750,ssw
1751,xho
1752,eng
1753,sot
1754,ssw
1755,nbl
1756,zul
1757,tso
1758,ven
1759,nbl
1760,eng
1761,sot
1762,ssw
1763,nso
1764,ven
1765,ven
1766,ven
1767,zul
1768,nso
1769,zul
1770,ven
1771,tsn
1772,ssw
1773,ven
1774,zul
1775,zul
1776,eng
1777,xho
1778,xho
1779,afr
1780,eng
1781,eng
1782,afr
1783,afr
1784,zul
1785,ven
1786,afr
1787,eng
1788,ven
1789,eng
1790,sot
1791,ven
1792,sot
1793,sot
1794,eng
1795,nbl
1796,tso
1797,zul
1798,ssw
1799,ven
1800,eng
1801,nbl
1802,ven
1803,afr
1804,sot
1805,eng
1806,xho
1807,eng
1808,xho
1809,nso
1810,afr
1811,ven
1812,xho
1813,eng
1814,sot
1815,tso
1816,zul
1817,nbl
1818,sot
1819,zul
1820,tso
1821,nso
1822,tsn
1823,nbl
1824,eng
1825,nbl
1826,tso
1827,afr
1828,sot
1829,xho
1830,eng
1831,tsn
1832,xho
1833,ssw
1834,nbl
1835,tso
1836,sot
1837,tsn
1838,nso
1839,ven
1840,xho
1841,sot
1842,afr
1843,xho
1844,sot
1845,eng
1846,ven
1847,zul
1848,tso
1849,nso
1850,nbl
1851,tsn
1852,ssw
1853,ven
1854,zul
1855,ssw
1856,zul
1857,zul
1858,eng
1859,eng
1860,tso
1861,afr
1862,ssw
1863,eng
1864,sot
1865,tso
1866,xho
1867,tsn
1868,afr
1869,nso
1870,ven
1871,xho
1872,ssw
1873,afr
1874,eng
1875,zul
1876,nbl
1877,ven
1878,ven
1879,ven
1880,tso
1881,nso
1882,sot
1883,afr
1884,nso
1885,ssw
1886,eng
1887,tso
1888,afr
1889,nbl
1890,sot
1891,nso
1892,zul
1893,tsn
1894,afr
1895,afr
1896,sot
1897,zul
1898,nso
1899,xho
1900,eng
1901,zul
1902,zul
1903,ven
1904,tsn
1905,eng
1906,tsn
1907,eng
1908,sot
1909,nso
1910,tsn
1911,eng
1912,ssw
1913,ven
1914,nbl
1915,afr
1916,nbl
1917,ssw
1918,sot
1919,tso
1920,nso
1921,nso
1922,ssw
1923,xho
1924,nbl
1925,xho
1926,sot
1927,ssw
1928,ssw
1929,zul
1930,sot
1931,eng
1932,xho
1933,nso
1934,tso
1935,afr
1936,zul
1937,tso
1938,eng
1939,ssw
1940,ssw
1941,ven
1942,tso
1943,nbl
1944,zul
1945,xho
1946,tso
1947,nbl
1948,nso
1949,sot
1950,eng
1951,xho
1952,tsn
1953,sot
1954,zul
1955,ven
1956,tsn
1957,eng
1958,ven
1959,tso
1960,nbl
1961,nso
1962,tsn
1963,afr
1964,tso
1965,sot
1966,ssw
1967,zul
1968,sot
1969,afr
1970,ven
1971,eng
1972,ssw
1973,afr
1974,sot
1975,tsn
1976,eng
1977,afr
1978,ven
1979,eng
1980,xho
1981,ven
1982,tsn
1983,sot
1984,eng
1985,ssw
1986,tso
1987,zul
1988,ssw
1989,sot
1990,tso
1991,zul
1992,tsn
1993,xho
1994,ssw
1995,xho
1996,afr
1997,sot
1998,ven
1999,afr
2000,nso
2001,sot
2002,nbl
2003,tsn
2004,zul
2005,ven
2006,tsn
2007,tsn
2008,nbl
2009,xho
2010,eng
2011,ssw
2012,zul
2013,nbl
2014,tso
2015,sot
2016,xho
2017,nbl
2018,zul
2019,nbl
2020,zul
2021,ssw
2022,xho
2023,xho
2024,xho
2025,zul
2026,sot
2027,nso
2028,nbl
2029,tsn
2030,tsn
2031,nso
2032,ssw
2033,xho
2034,xho
2035,ssw
2036,nbl
2037,xho
2038,afr
2039,zul
2040,ssw
2041,sot
2042,nbl
2043,afr
2044,eng
2045,xho
2046,eng
2047,tsn
2048,sot
2049,nso
2050,nbl
2051,zul
2052,afr
2053,ven
2054,nbl
2055,zul
2056,ssw
2057,nso
2058,nbl
2059,zul
2060,nso
2061,nso
2062,afr
2063,sot
2064,afr
2065,nso
2066,nbl
2067,ven
2068,tso
2069,zul
2070,nbl
2071,zul
2072,zul
2073,afr
2074,tsn
2075,zul
2076,ssw
2077,sot
2078,afr
2079,zul
2080,eng
2081,ven
2082,afr
2083,ven
2084,ssw
2085,ven
2086,tso
2087,tso
2088,ssw
2089,ven
2090,xho
2091,afr
2092,nso
2093,tso
2094,eng
2095,afr
2096,xho
2097,nso
2098,sot
2099,ssw
2100,sot
2101,nso
2102,ven
2103,nso
2104,zul
2105,nbl
2106,nso
2107,ven
2108,xho
2109,zul
2110,nbl
2111,tsn
2112,tso
2113,sot
2114,tso
2115,ven
2116,xho
2117,nso
2118,xho
2119,tso
2120,ssw
2121,nso
2122,ssw
2123,eng
2124,xho
2125,ven
2126,sot
2127,tsn
2128,xho
2129,ssw
2130,zul
2131,nso
2132,afr
2133,sot
2134,ven
2135,eng
2136,ssw
2137,ven
2138,eng
2139,tsn
2140,ven
2141,nbl
2142,xho
2143,nbl
2144,sot
2145,nso
2146,afr
2147,xho
2148,tsn
2149,nbl
2150,nso
2151,nbl
2152,eng
2153,ven
2154,zul
2155,xho
2156,ven
2157,ven
2158,ssw
2159,ssw
2160,sot
2161,ssw
2162,tso
2163,zul
2164,tsn
2165,nbl
2166,afr
2167,xho
2168,zul
2169,eng
2170,sot
2171,xho
2172,nbl
2173,nso
2174,ven
2175,eng
2176,sot
2177,nso
2178,xho
2179,nso
2180,ven
2181,xho
2182,ven
2183,nbl
2184,sot
2185,tsn
2186,ven
2187,ven
2188,afr
2189,sot
2190,tsn
2191,nso
2192,tsn
2193,afr
2194,afr
2195,eng
2196,nbl
2197,eng
2198,eng
2199,ven
2200,ven
2201,nbl
2202,afr
2203,sot
2204,ven
2205,afr
2206,nso
2207,ssw
2208,tsn
2209,eng
2210,ven
2211,zul
2212,afr
2213,ven
2214,tsn
2215,nbl
2216,tsn
2217,ssw
2218,zul
2219,eng
2220,ven
2221,tsn
2222,afr
2223,xho
2224,xho
2225,eng
2226,xho
2227,afr
2228,xho
2229,ssw
2230,tsn
2231,afr
2232,xho
2233,ssw
2234,nso
2235,ven
2236,sot
2237,sot
2238,afr
2239,ven
2240,afr
2241,xho
2242,ven
2243,afr
2244,tsn
2245,nbl
2246,eng
2247,nso
2248,afr
2249,nso
2250,eng
2251,tsn
2252,tso
2253,xho
2254,xho
2255,tsn
2256,ven
2257,ven
2258,nbl
2259,ssw
2260,tsn
2261,nbl
2262,zul
2263,tsn
2264,sot
2265,ven
2266,zul
2267,nso
2268,tsn
2269,nso
2270,zul
2271,sot
2272,ven
2273,nbl
2274,afr
2275,ssw
2276,sot
2277,eng
2278,ssw
2279,tso
2280,tsn
2281,ven
2282,nso
2283,afr
2284,xho
2285,tsn
2286,nso
2287,eng
2288,afr
2289,nbl
2290,tsn
2291,nso
2292,nbl
2293,ven
2294,xho
2295,nso
2296,zul
2297,nbl
2298,xho
2299,sot
2300,eng
2301,nbl
2302,nso
2303,eng
2304,ven
2305,afr
2306,sot
2307,zul
2308,nbl
2309,afr
2310,nbl
2311,sot
2312,ssw
2313,afr
2314,sot
2315,ssw
2316,tsn
2317,tso
2318,eng
2319,nbl
2320,tso
2321,ssw
2322,nbl
2323,ssw
2324,nso
2325,nso
2326,nbl
2327,tsn
2328,nso
2329,ssw
2330,xho
2331,ssw
2332,nbl
2333,eng
2334,ven
2335,afr
2336,zul
2337,tsn
2338,zul
2339,afr
2340,eng
2341,nbl
2342,xho
2343,nbl
2344,sot
2345,afr
2346,tso
2347,ssw
2348,tso
2349,eng
2350,tsn
2351,sot
2352,tsn
2353,nbl
2354,nso
2355,xho
2356,ssw
2357,zul
2358,nso
2359,afr
2360,sot
2361,zul
2362,nso
2363,eng
2364,ssw
2365,xho
2366,xho
2367,nbl
2368,nbl
2369,afr
2370,ssw
2371,zul
2372,xho
2373,ven
2374,ven
2375,xho
2376,tso
2377,afr
2378,nso
2379,nso
2380,afr
2381,zul
2382,zul
2383,afr
2384,nso
2385,nbl
2386,sot
2387,tsn
2388,ssw
2389,ssw
2390,eng
2391,tso
2392,ssw
2393,afr
2394,sot
2395,tso
2396,eng
2397,afr
2398,tsn
2399,sot
2400,afr
2401,xho
2402,zul
2403,tsn
2404,zul
2405,ven
2406,ssw
2407,tsn
2408,tso
2409,ssw
2410,ven
2411,tso
2412,tso
2413,ven
2414,eng
2415,xho
2416,zul
2417,ssw
2418,ssw
2419,tsn
2420,tsn
2421,tso
2422,afr
2423,tsn
2424,afr
2425,nso
2426,xho
2427,tso
2428,ssw
2429,eng
2430,ven
2431,tsn
2432,nso
2433,tso
2434,ssw
2435,eng
2436,afr
2437,ven
2438,ssw
2439,afr
2440,xho
2441,nbl
2442,sot
2443,ssw
2444,ssw
2445,tso
2446,nso
2447,tsn
2448,nso
2449,nbl
2450,afr
2451,afr
2452,eng
2453,tso
2454,eng
2455,ven
2456,nbl
2457,tso
2458,nbl
2459,eng
2460,sot
2461,xho
2462,sot
2463,afr
2464,tsn
2465,tso
2466,zul
2467,nso
2468,eng
2469,tso
2470,nso
2471,zul
2472,afr
2473,nso
2474,xho
2475,afr
2476,ssw
2477,sot
2478,tsn
2479,nbl
2480,zul
2481,xho
2482,ven
2483,zul
2484,nbl
2485,sot
2486,ven
2487,tso
2488,afr
2489,zul
2490,afr
2491,nso
2492,xho
2493,sot
2494,zul
2495,xho
2496,nso
2497,ssw
2498,ssw
2499,sot
2500,sot
2501,ssw
2502,sot
2503,sot
2504,xho
2505,nbl
2506,ssw
2507,eng
2508,nbl
2509,ven
2510,sot
2511,afr
2512,ven
2513,nbl
2514,ssw
2515,eng
2516,ven
2517,afr
2518,eng
2519,nso
2520,tso
2521,zul
2522,afr
2523,tso
2524,ven
2525,nbl
2526,sot
2527,nbl
2528,tso
2529,eng
2530,sot
2531,zul
2532,ssw
2533,sot
2534,afr
2535,ssw
2536,tsn
2537,xho
2538,ssw
2539,nso
2540,nso
2541,tso
2542,zul
2543,ssw
2544,xho
2545,eng
2546,eng
2547,tso
2548,ven
2549,tso
2550,xho
2551,nso
2552,afr
2553,afr
2554,xho
2555,xho
2556,zul
2557,ven
2558,xho
2559,sot
2560,nbl
2561,tso
2562,tsn
2563,nbl
2564,tso
2565,tsn
2566,ssw
2567,xho
2568,eng
2569,afr
2570,ssw
2571,tso
2572,sot
2573,tsn
2574,nbl
2575,sot
2576,xho
2577,afr
2578,nso
2579,xho
2580,eng
2581,nso
2582,tso
2583,tsn
2584,afr
2585,zul
2586,nbl
2587,nbl
2588,xho
2589,sot
2590,sot
2591,tsn
2592,eng
2593,tso
2594,tsn
2595,nbl
2596,sot
2597,ven
2598,sot
2599,ven
2600,sot
2601,tsn
2602,nbl
2603,ssw
2604,ven
2605,nso
2606,nbl
2607,sot
2608,nso
2609,ven
2610,xho
2611,tso
2612,ven
2613,ven
2614,ven
2615,nso
2616,zul
2617,sot
2618,eng
2619,eng
2620,eng
2621,zul
2622,sot
2623,tso
2624,ssw
2625,tsn
2626,eng
2627,ssw
2628,zul
2629,xho
2630,nbl
2631,ven
2632,sot
2633,ven
2634,sot
2635,tso
2636,xho
2637,zul
2638,ven
2639,afr
2640,ven
2641,sot
2642,nso
2643,nso
2644,tso
2645,sot
2646,nso
2647,xho
2648,afr
2649,zul
2650,nso
2651,ven
2652,ssw
2653,afr
2654,nbl
2655,ven
2656,ven
2657,tsn
2658,eng
2659,nbl
2660,ven
2661,tso
2662,zul
2663,nbl
2664,zul
2665,nso
2666,tsn
2667,nso
2668,eng
2669,sot
2670,nso
2671,sot
2672,tsn
2673,sot
2674,zul
2675,nso
2676,sot
2677,ven
2678,tso
2679,ssw
2680,ven
2681,eng
2682,tso
2683,ssw
2684,ven
2685,afr
2686,ven
2687,eng
2688,tso
2689,ven
2690,ven
2691,tso
2692,ven
2693,ssw
2694,tsn
2695,xho
2696,sot
2697,eng
2698,nso
2699,nso
2700,nbl
2701,eng
2702,xho
2703,afr
2704,tsn
2705,zul
2706,eng
2707,tso
2708,sot
2709,zul
2710,nbl
2711,zul
2712,nbl
2713,ssw
2714,ven
2715,xho
2716,tsn
2717,zul
2718,zul
2719,tso
2720,sot
2721,tso
2722,nbl
2723,ssw
2724,sot
2725,zul
2726,ven
2727,sot
2728,zul
2729,nso
2730,ven
2731,sot
2732,tso
2733,nso
2734,ssw
2735,eng
2736,zul
2737,ven
2738,nso
2739,nbl
2740,ven
2741,nso
2742,zul
2743,ven
2744,xho
2745,zul
2746,ssw
2747,eng
2748,ssw
2749,afr
2750,eng
2751,sot
2752,tsn
2753,tsn
2754,eng
2755,zul
2756,zul
2757,afr
2758,ssw
2759,zul
2760,xho
2761,ssw
2762,nso
2763,nbl
2764,nbl
2765,afr
2766,sot
2767,ssw
2768,tso
2769,nbl
2770,sot
2771,tso
2772,tsn
2773,eng
2774,eng
2775,ssw
2776,ven
2777,ssw
2778,tsn
2779,tso
2780,afr
2781,xho
2782,tso
2783,ssw
2784,afr
2785,afr
2786,ssw
2787,nso
2788,zul
2789,nbl
2790,tso
2791,tso
2792,ven
2793,afr
2794,ssw
2795,tsn
2796,zul
2797,tsn
2798,xho
2799,eng
2800,nso
2801,ven
2802,tsn
2803,ven
2804,tso
2805,ssw
2806,nso
2807,ven
2808,xho
2809,sot
2810,sot
2811,afr
2812,tso
2813,ssw
2814,ven
2815,eng
2816,nso
2817,nbl
2818,nso
2819,ven
2820,ven
2821,nbl
2822,nso
2823,xho
2824,nbl
2825,ven
2826,nbl
2827,zul
2828,ven
2829,afr
2830,ssw
2831,afr
2832,sot
2833,tsn
2834,eng
2835,ven
2836,zul
2837,eng
2838,eng
2839,xho
2840,afr
2841,ssw
2842,eng
2843,ssw
2844,tso
2845,eng
2846,zul
2847,afr
2848,zul
2849,tso
2850,nbl
2851,nso
2852,ssw
2853,sot
2854,zul
2855,eng
2856,tsn
2857,zul
2858,xho
2859,sot
2860,xho
2861,zul
2862,zul
2863,eng
2864,ven
2865,nso
2866,zul
2867,tso
2868,tso
2869,zul
2870,tsn
2871,xho
2872,nbl
2873,zul
2874,zul
2875,nbl
2876,ssw
2877,eng
2878,xho
2879,xho
2880,nso
2881,nbl
2882,sot
2883,tso
2884,zul
2885,tsn
2886,zul
2887,eng
2888,ssw
2889,zul
2890,zul
2891,ssw
2892,xho
2893,xho
2894,xho
2895,zul
2896,xho
2897,tso
2898,eng
2899,ssw
2900,nso
2901,eng
2902,tsn
2903,xho
2904,afr
2905,afr
2906,zul
2907,ssw
2908,afr
2909,sot
2910,nso
2911,nbl
2912,nbl
2913,tsn
2914,ven
2915,afr
2916,nbl
2917,ssw
2918,zul
2919,tsn
2920,afr
2921,sot
2922,xho
2923,ssw
2924,xho
2925,nso
2926,nso
2927,afr
2928,zul
2929,nso
2930,xho
2931,tsn
2932,ssw
2933,sot
2934,xho
2935,ssw
2936,zul
2937,tsn
2938,ssw
2939,ven
2940,zul
2941,nbl
2942,zul
2943,zul
2944,nbl
2945,ssw
2946,sot
2947,xho
2948,eng
2949,ssw
2950,eng
2951,xho
2952,zul
2953,zul
2954,nbl
2955,tsn
2956,tsn
2957,tsn
2958,nbl
2959,tso
2960,xho
2961,nso
2962,tso
2963,xho
2964,tsn
2965,ven
2966,ssw
2967,tso
2968,afr
2969,eng
2970,zul
2971,tso
2972,xho
2973,nbl
2974,nso
2975,sot
2976,nbl
2977,xho
2978,ssw
2979,nso
2980,xho
2981,sot
2982,tsn
2983,nso
2984,afr
2985,tsn
2986,ssw
2987,nso
2988,xho
2989,tsn
2990,tsn
2991,ven
2992,tso
2993,tsn
2994,tso
2995,xho
2996,zul
2997,zul
2998,tsn
2999,nbl
3000,tsn
3001,ven
3002,tso
3003,sot
3004,ven
3005,ssw
3006,afr
3007,xho
3008,ssw
3009,nso
3010,afr
3011,nso
3012,xho
3013,tsn
3014,nso
3015,tso
3016,xho
3017,eng
3018,nbl
3019,eng
3020,nbl
3021,xho
3022,tsn
3023,sot
3024,zul
3025,nbl
3026,eng
3027,nbl
3028,eng
3029,zul
3030,zul
3031,tso
3032,tso
3033,tso
3034,tsn
3035,nbl
3036,ssw
3037,xho
3038,eng
3039,sot
3040,tso
3041,eng
3042,eng
3043,zul
3044,ven
3045,nso
3046,xho
3047,sot
3048,xho
3049,tso
3050,sot
3051,ven
3052,sot
3053,nbl
3054,nso
3055,tso
3056,eng
3057,zul
3058,ven
3059,sot
3060,ven
3061,nbl
3062,sot
3063,zul
3064,nso
3065,xho
3066,nbl
3067,nbl
3068,nbl
3069,sot
3070,afr
3071,ven
3072,zul
3073,nso
3074,afr
3075,tsn
3076,xho
3077,tso
3078,xho
3079,ven
3080,ven
3081,nso
3082,tsn
3083,tsn
3084,tsn
3085,nso
3086,zul
3087,zul
3088,xho
3089,ven
3090,nso
3091,zul
3092,nso
3093,xho
3094,tso
3095,tso
3096,tso
3097,nso
3098,xho
3099,ven
3100,nso
3101,xho
3102,xho
3103,afr
3104,nso
3105,afr
3106,sot
3107,ven
3108,xho
3109,sot
3110,zul
3111,tso
3112,sot
3113,nbl
3114,sot
3115,tsn
3116,zul
3117,tsn
3118,zul
3119,afr
3120,nso
3121,tsn
3122,eng
3123,sot
3124,eng
3125,xho
3126,tsn
3127,ven
3128,ssw
3129,ven
3130,afr
3131,ssw
3132,xho
3133,nso
3134,eng
3135,xho
3136,tso
3137,nbl
3138,eng
3139,ssw
3140,ssw
3141,xho
3142,eng
3143,eng
3144,zul
3145,tso
3146,tsn
3147,ssw
3148,zul
3149,zul
3150,afr
3151,zul
3152,afr
3153,afr
3154,ssw
3155,nbl
3156,tsn
3157,eng
3158,xho
3159,ssw
3160,afr
3161,xho
3162,afr
3163,ven
3164,xho
3165,nso
3166,ven
3167,eng
3168,nbl
3169,afr
3170,afr
3171,sot
3172,eng
3173,xho
3174,zul
3175,ssw
3176,xho
3177,nbl
3178,eng
3179,ven
3180,ssw
3181,ven
3182,tsn
3183,ssw
3184,tsn
3185,zul
3186,ven
3187,xho
3188,tso
3189,tsn
3190,sot
3191,ven
3192,zul
3193,afr
3194,sot
3195,ssw
3196,nso
3197,nso
3198,tso
3199,zul
3200,tsn
3201,afr
3202,ven
3203,nbl
3204,ven
3205,xho
3206,eng
3207,nso
3208,zul
3209,zul
3210,zul
3211,xho
3212,zul
3213,zul
3214,ssw
3215,afr
3216,sot
3217,nso
3218,eng
3219,tsn
3220,sot
3221,tsn
3222,ven
3223,eng
3224,nbl
3225,eng
3226,tso
3227,eng
3228,zul
3229,nso
3230,eng
3231,nbl
3232,xho
3233,afr
3234,afr
3235,zul
3236,nso
3237,nbl
3238,afr
3239,zul
3240,eng
3241,xho
3242,nbl
3243,tso
3244,tso
3245,zul
3246,eng
3247,ssw
3248,xho
3249,nbl
3250,xho
3251,ssw
3252,eng
3253,tsn
3254,sot
3255,eng
3256,afr
3257,nso
3258,ven
3259,tso
3260,zul
3261,tsn
3262,sot
3263,eng
3264,ssw
3265,afr
3266,ven
3267,afr
3268,nbl
3269,sot
3270,nbl
3271,ven
3272,sot
3273,nbl
3274,tso
3275,tsn
3276,nbl
3277,nso
3278,ssw
3279,tsn
3280,nso
3281,xho
3282,afr
3283,tsn
3284,tso
3285,ssw
3286,ven
3287,eng
3288,xho
3289,tso
3290,nbl
3291,eng
3292,tso
3293,sot
3294,ven
3295,tsn
3296,eng
3297,ven
3298,sot
3299,tsn
3300,eng
3301,nso
3302,nbl
3303,tso
3304,sot
3305,xho
3306,nbl
3307,xho
3308,eng
3309,ssw
3310,tso
3311,afr
3312,zul
3313,nso
3314,zul
3315,nso
3316,tso
3317,afr
3318,nbl
3319,sot
3320,xho
3321,tso
3322,zul
3323,ssw
3324,ssw
3325,ssw
3326,nbl
3327,nso
3328,afr
3329,nbl
3330,ven
3331,xho
3332,xho
3333,nso
3334,eng
3335,ssw
3336,zul
3337,tsn
3338,afr
3339,sot
3340,tsn
3341,ven
3342,eng
3343,zul
3344,tsn
3345,ssw
3346,sot
3347,nso
3348,nbl
3349,xho
3350,sot
3351,tso
3352,xho
3353,ssw
3354,ven
3355,sot
3356,tso
3357,nbl
3358,xho
3359,nbl
3360,eng
3361,ssw
3362,nso
3363,eng
3364,sot
3365,nbl
3366,nso
3367,eng
3368,ven
3369,xho
3370,tsn
3371,nso
3372,ssw
3373,tso
3374,zul
3375,zul
3376,tso
3377,ven
3378,ssw
3379,ven
3380,eng
3381,ssw
3382,ven
3383,nbl
3384,nbl
3385,tsn
3386,zul
3387,nbl
3388,eng
3389,tso
3390,nbl
3391,sot
3392,nso
3393,xho
3394,xho
3395,eng
3396,tso
3397,afr
3398,nso
3399,zul
3400,nbl
3401,eng
3402,ven
3403,nso
3404,afr
3405,zul
3406,zul
3407,ven
3408,tso
3409,nso
3410,ssw
3411,xho
3412,zul
3413,nbl
3414,tso
3415,ven
3416,tsn
3417,nso
3418,ven
3419,tsn
3420,tso
3421,afr
3422,ssw
3423,ssw
3424,afr
3425,zul
3426,afr
3427,nso
3428,tso
3429,tsn
3430,nbl
3431,tsn
3432,tsn
3433,afr
3434,eng
3435,ven
3436,eng
3437,eng
3438,ssw
3439,zul
3440,ven
3441,afr
3442,tsn
3443,zul
3444,ven
3445,zul
3446,nbl
3447,nbl
3448,ssw
3449,eng
3450,afr
3451,eng
3452,afr
3453,sot
3454,nbl
3455,ven
3456,afr
3457,nso
3458,tso
3459,ssw
3460,tso
3461,eng
3462,sot
3463,xho
3464,tso
3465,ven
3466,tsn
3467,sot
3468,afr
3469,xho
3470,ssw
3471,nso
3472,afr
3473,tsn
3474,zul
3475,xho
3476,nso
3477,eng
3478,nso
3479,afr
3480,nso
3481,eng
3482,tsn
3483,afr
3484,tsn
3485,eng
3486,sot
3487,xho
3488,nbl
3489,nso
3490,afr
3491,xho
3492,nso
3493,tsn
3494,tsn
3495,nbl
3496,tso
3497,tso
3498,tso
3499,afr
3500,ssw
3501,ssw
3502,ssw
3503,ssw
3504,ven
3505,ven
3506,eng
3507,tso
3508,ven
3509,tsn
3510,tso
3511,ssw
3512,ssw
3513,afr
3514,tso
3515,afr
3516,nbl
3517,sot
3518,ssw
3519,xho
3520,nso
3521,nbl
3522,nbl
3523,ven
3524,tso
3525,nso
3526,afr
3527,ven
3528,ssw
3529,eng
3530,afr
3531,ssw
3532,nso
3533,tsn
3534,ven
3535,afr
3536,sot
3537,eng
3538,xho
3539,afr
3540,xho
3541,tso
3542,ven
3543,tso
3544,zul
3545,ven
3546,zul
3547,nso
3548,xho
3549,xho
3550,xho
3551,tsn
3552,xho
3553,ssw
3554,nbl
3555,tso
3556,xho
3557,afr
3558,afr
3559,eng
3560,xho
3561,nso
3562,ssw
3563,afr
3564,eng
3565,sot
3566,tsn
3567,nbl
3568,afr
3569,xho
3570,tsn
3571,ven
3572,zul
3573,eng
3574,sot
3575,eng
3576,ssw
3577,ssw
3578,xho
3579,zul
3580,afr
3581,eng
3582,nbl
3583,nbl
3584,tsn
3585,tso
3586,afr
3587,tsn
3588,eng
3589,zul
3590,ven
3591,ssw
3592,sot
3593,sot
3594,nso
3595,tso
3596,eng
3597,sot
3598,tsn
3599,sot
3600,afr
3601,nso
3602,nso
3603,zul
3604,nso
3605,zul
3606,nso
3607,afr
3608,sot
3609,zul
3610,nbl
3611,ven
3612,sot
3613,afr
3614,xho
3615,tsn
3616,xho
3617,sot
3618,tso
3619,nso
3620,nbl
3621,nso
3622,tso
3623,ssw
3624,nbl
3625,ven
3626,nso
3627,zul
3628,ven
3629,eng
3630,nbl
3631,afr
3632,eng
3633,afr
3634,afr
3635,ven
3636,xho
3637,tsn
3638,zul
3639,nbl
3640,zul
3641,sot
3642,xho
3643,zul
3644,tso
3645,zul
3646,ven
3647,tso
3648,xho
3649,sot
3650,afr
3651,afr
3652,tso
3653,xho
3654,eng
3655,tso
3656,nso
3657,ssw
3658,tsn
3659,ven
3660,tso
3661,ven
3662,zul
3663,zul
3664,tso
3665,ssw
3666,afr
3667,ven
3668,sot
3669,xho
3670,eng
3671,nso
3672,tsn
3673,ven
3674,tso
3675,ssw
3676,nbl
3677,nbl
3678,nbl
3679,ven
3680,eng
3681,sot
3682,ssw
3683,xho
3684,eng
3685,tso
3686,tso
3687,nbl
3688,ven
3689,nbl
3690,nso
3691,nso
3692,ven
3693,sot
3694,tso
3695,ssw
3696,afr
3697,sot
3698,afr
3699,afr
3700,afr
3701,nbl
3702,nbl
3703,sot
3704,tso
3705,nso
3706,tsn
3707,xho
3708,sot
3709,ven
3710,nso
3711,tso
3712,xho
3713,ssw
3714,ssw
3715,xho
3716,nso
3717,nbl
3718,tso
3719,nbl
3720,eng
3721,tsn
3722,sot
3723,nbl
3724,nbl
3725,ssw
3726,ssw
3727,ven
3728,sot
3729,afr
3730,tso
3731,tsn
3732,ssw
3733,afr
3734,zul
3735,sot
3736,zul
3737,ven
3738,sot
3739,ven
3740,sot
3741,xho
3742,xho
3743,ssw
3744,tsn
3745,ssw
3746,eng
3747,ssw
3748,tso
3749,xho
3750,ssw
3751,eng
3752,nbl
3753,tso
3754,nso
3755,xho
3756,ven
3757,zul
3758,eng
3759,afr
3760,zul
3761,eng
3762,tsn
3763,sot
3764,nbl
3765,eng
3766,ven
3767,nso
3768,tsn
3769,zul
3770,tsn
3771,tsn
3772,nso
3773,tso
3774,afr
3775,zul
3776,sot
3777,ssw
3778,ven
3779,eng
3780,tso
3781,ven
3782,eng
3783,tsn
3784,afr
3785,afr
3786,afr
3787,zul
3788,tsn
3789,afr
3790,tsn
3791,xho
3792,zul
3793,afr
3794,eng
3795,nso
3796,eng
3797,afr
3798,zul
3799,tso
3800,nbl
3801,ssw
3802,sot
3803,ssw
3804,tso
3805,xho
3806,tso
3807,sot
3808,afr
3809,tso
3810,afr
3811,ven
3812,nbl
3813,ssw
3814,nbl
3815,ssw
3816,zul
3817,nso
3818,zul
3819,sot
3820,sot
3821,ssw
3822,sot
3823,tsn
3824,sot
3825,ssw
3826,nbl
3827,nso
3828,ven
3829,nbl
3830,eng
3831,zul
3832,ven
3833,tso
3834,ven
3835,ssw
3836,xho
3837,tso
3838,sot
3839,xho
3840,ssw
3841,eng
3842,ssw
3843,zul
3844,zul
3845,tsn
3846,sot
3847,tso
3848,ssw
3849,zul
3850,nso
3851,ven
3852,sot
3853,eng
3854,tsn
3855,nbl
3856,afr
3857,tso
3858,ven
3859,nbl
3860,eng
3861,sot
3862,eng
3863,sot
3864,eng
3865,afr
3866,nso
3867,nso
3868,eng
3869,xho
3870,xho
3871,tso
3872,sot
3873,ssw
3874,eng
3875,ven
3876,eng
3877,sot
3878,nso
3879,xho
3880,zul
3881,xho
3882,afr
3883,tso
3884,zul
3885,zul
3886,ssw
3887,afr
3888,nso
3889,eng
3890,tsn
3891,afr
3892,zul
3893,tso
3894,sot
3895,afr
3896,zul
3897,eng
3898,xho
3899,nso
3900,eng
3901,zul
3902,nbl
3903,ssw
3904,nso
3905,zul
3906,eng
3907,ven
3908,ssw
3909,xho
3910,tsn
3911,xho
3912,zul
3913,ven
3914,ven
3915,afr
3916,xho
3917,xho
3918,zul
3919,xho
3920,tsn
3921,ssw
3922,nbl
3923,nbl
3924,xho
3925,afr
3926,xho
3927,nso
3928,eng
3929,zul
3930,tso
3931,eng
3932,xho
3933,tso
3934,ssw
3935,ven
3936,nbl
3937,zul
3938,nbl
3939,eng
3940,xho
3941,eng
3942,ven
3943,ven
3944,tso
3945,ven
3946,nso
3947,zul
3948,sot
3949,xho
3950,tso
3951,ven
3952,nso
3953,ven
3954,tsn
3955,ven
3956,afr
3957,nso
3958,eng
3959,ssw
3960,nso
3961,tso
3962,tso
3963,sot
3964,eng
3965,tso
3966,eng
3967,ssw
3968,eng
3969,afr
3970,sot
3971,sot
3972,eng
3973,eng
3974,sot
3975,sot
3976,tso
3977,eng
3978,tso
3979,nso
3980,sot
3981,eng
3982,tso
3983,eng
3984,nbl
3985,nso
3986,xho
3987,ssw
3988,nbl
3989,afr
3990,tsn
3991,eng
3992,nbl
3993,nso
3994,tso
3995,afr
3996,zul
3997,tsn
3998,ssw
3999,ssw
4000,ven
4001,sot
4002,tsn
4003,tso
4004,zul
4005,nbl
4006,tso
4007,nso
4008,sot
4009,zul
4010,tsn
4011,eng
4012,ssw
4013,zul
4014,eng
4015,sot
4016,zul
4017,xho
4018,eng
4019,sot
4020,ssw
4021,afr
4022,zul
4023,xho
4024,eng
4025,tso
4026,tso
4027,tsn
4028,nso
4029,sot
4030,nso
4031,eng
4032,sot
4033,tso
4034,ssw
4035,xho
4036,zul
4037,nso
4038,afr
4039,sot
4040,tsn
4041,zul
4042,nbl
4043,nso
4044,zul
4045,eng
4046,sot
4047,eng
4048,nso
4049,ssw
4050,eng
4051,sot
4052,ven
4053,eng
4054,eng
4055,tsn
4056,sot
4057,nso
4058,tsn
4059,afr
4060,nso
4061,sot
4062,sot
4063,eng
4064,sot
4065,eng
4066,eng
4067,nso
4068,zul
4069,xho
4070,ven
4071,tsn
4072,eng
4073,afr
4074,ven
4075,zul
4076,ven
4077,tso
4078,sot
4079,sot
4080,tsn
4081,nso
4082,tsn
4083,ven
4084,nso
4085,sot
4086,afr
4087,ven
4088,ssw
4089,afr
4090,tsn
4091,nso
4092,nso
4093,ssw
4094,ven
4095,eng
4096,tsn
4097,xho
4098,tso
4099,xho
4100,eng
4101,nso
4102,nso
4103,zul
4104,tso
4105,xho
4106,sot
4107,zul
4108,tsn
4109,nso
4110,eng
4111,nso
4112,tsn
4113,ven
4114,afr
4115,zul
4116,eng
4117,ven
4118,ven
4119,nso
4120,xho
4121,tsn
4122,tso
4123,ssw
4124,sot
4125,ven
4126,xho
4127,tsn
4128,tso
4129,eng
4130,afr
4131,nso
4132,tso
4133,ven
4134,nbl
4135,ven
4136,tsn
4137,ssw
4138,tsn
4139,nbl
4140,zul
4141,tso
4142,zul
4143,xho
4144,sot
4145,zul
4146,xho
4147,sot
4148,zul
4149,zul
4150,tsn
4151,xho
4152,zul
4153,ssw
4154,eng
4155,tso
4156,xho
4157,ssw
4158,zul
4159,sot
4160,ven
4161,eng
4162,ven
4163,sot
4164,ven
4165,sot
4166,eng
4167,afr
4168,eng
4169,ssw
4170,ssw
4171,eng
4172,tso
4173,nso
4174,afr
4175,tsn
4176,tso
4177,tsn
4178,nbl
4179,nbl
4180,afr
4181,nbl
4182,ven
4183,xho
4184,zul
4185,zul
4186,ssw
4187,nbl
4188,tsn
4189,ven
4190,zul
4191,nso
4192,zul
4193,ssw
4194,xho
4195,ven
4196,xho
4197,ven
4198,zul
4199,nso
4200,sot
4201,tsn
4202,tsn
4203,nso
4204,ssw
4205,nbl
4206,afr
4207,tso
4208,nbl
4209,ven
4210,nbl
4211,tso
4212,nbl
4213,zul
4214,sot
4215,tsn
4216,afr
4217,nso
4218,sot
4219,ven
4220,xho
4221,tsn
4222,tsn
4223,afr
4224,tsn
4225,afr
4226,tso
4227,tsn
4228,eng
4229,tso
4230,tsn
4231,tso
4232,tso
4233,ven
4234,sot
4235,nbl
4236,afr
4237,ssw
4238,tso
4239,zul
4240,sot
4241,sot
4242,tso
4243,ssw
4244,nso
4245,afr
4246,nbl
4247,zul
4248,tsn
4249,sot
4250,eng
4251,zul
4252,eng
4253,ssw
4254,nbl
4255,eng
4256,tso
4257,ssw
4258,afr
4259,tso
4260,afr
4261,afr
4262,eng
4263,afr
4264,afr
4265,tsn
4266,ven
4267,nbl
4268,sot
4269,ssw
4270,eng
4271,xho
4272,nbl
4273,xho
4274,afr
4275,nso
4276,sot
4277,ssw
4278,xho
4279,ven
4280,sot
4281,nso
4282,afr
4283,nso
4284,afr
4285,sot
4286,xho
4287,eng
4288,nbl
4289,zul
4290,ven
4291,ssw
4292,xho
4293,tsn
4294,ssw
4295,tsn
4296,eng
4297,tso
4298,ssw
4299,tso
4300,eng
4301,zul
4302,afr
4303,nso
4304,nso
4305,zul
4306,nso
4307,xho
4308,ven
4309,ven
4310,tsn
4311,zul
4312,afr
4313,zul
4314,tsn
4315,nso
4316,zul
4317,afr
4318,afr
4319,sot
4320,nbl
4321,ven
4322,ssw
4323,afr
4324,afr
4325,eng
4326,eng
4327,sot
4328,zul
4329,xho
4330,tsn
4331,ven
4332,ssw
4333,nbl
4334,zul
4335,eng
4336,nso
4337,eng
4338,nbl
4339,tso
4340,tsn
4341,nso
4342,nbl
4343,nso
4344,nso
4345,zul
4346,afr
4347,eng
4348,tsn
4349,tso
4350,ssw
4351,ssw
4352,xho
4353,tso
4354,sot
4355,zul
4356,xho
4357,nbl
4358,tsn
4359,tsn
4360,nso
4361,nso
4362,ven
4363,xho
4364,ssw
4365,tsn
4366,xho
4367,zul
4368,tsn
4369,tso
4370,ssw
4371,tsn
4372,nbl
4373,tsn
4374,ven
4375,afr
4376,zul
4377,tso
4378,ssw
4379,afr
4380,nso
4381,afr
4382,tsn
4383,afr
4384,nbl
4385,sot
4386,ssw
4387,afr
4388,nso
4389,tso
4390,ven
4391,tso
4392,xho
4393,afr
4394,xho
4395,tsn
4396,ssw
4397,sot
4398,ssw
4399,ven
4400,tso
4401,ven
4402,tso
4403,ven
4404,tsn
4405,xho
4406,xho
4407,eng
4408,sot
4409,ssw
4410,eng
4411,ssw
4412,nso
4413,zul
4414,nso
4415,nbl
4416,tsn
4417,ssw
4418,sot
4419,zul
4420,tso
4421,tsn
4422,ssw
4423,zul
4424,afr
4425,tso
4426,xho
4427,tsn
4428,ssw
4429,tsn
4430,ven
4431,tso
4432,ssw
4433,nbl
4434,eng
4435,tsn
4436,tsn
4437,xho
4438,nbl
4439,afr
4440,xho
4441,sot
4442,sot
4443,sot
4444,ven
4445,tsn
4446,nso
4447,tso
4448,ssw
4449,ssw
4450,ssw
4451,sot
4452,ven
4453,tsn
4454,tso
4455,xho
4456,ven
4457,tsn
4458,nso
4459,ven
4460,eng
4461,eng
4462,tso
4463,sot
4464,zul
4465,ven
4466,nso
4467,eng
4468,xho
4469,nbl
4470,eng
4471,eng
4472,tsn
4473,tso
4474,sot
4475,tso
4476,eng
4477,tsn
4478,eng
4479,zul
4480,xho
4481,tso
4482,sot
4483,tso
4484,nso
4485,nso
4486,zul
4487,ven
4488,tsn
4489,ven
4490,nbl
4491,tso
4492,nso
4493,xho
4494,xho
4495,tso
4496,ssw
4497,tsn
4498,zul
4499,ssw
4500,ven
4501,nbl
4502,ven
4503,zul
4504,eng
4505,nbl
4506,ven
4507,tso
4508,nso
4509,sot
4510,tso
4511,tsn
4512,tso
4513,tsn
4514,ven
4515,ssw
4516,ssw
4517,xho
4518,ssw
4519,nbl
4520,sot
4521,nso
4522,ven
4523,xho
4524,afr
4525,eng
4526,zul
4527,afr
4528,nso
4529,ssw
4530,tso
4531,ven
4532,ven
4533,afr
4534,tsn
4535,sot
4536,afr
4537,ven
4538,afr
4539,sot
4540,tso
4541,sot
4542,afr
4543,nbl
4544,sot
4545,tsn
4546,sot
4547,ven
4548,eng
4549,afr
4550,nso
4551,sot
4552,ssw
4553,ven
4554,afr
4555,afr
4556,ssw
4557,nso
4558,afr
4559,eng
4560,tso
4561,xho
4562,xho
4563,sot
4564,ssw
4565,zul
4566,ssw
4567,eng
4568,tso
4569,eng
4570,tso
4571,nso
4572,xho
4573,eng
4574,eng
4575,tsn
4576,tsn
4577,tsn
4578,tsn
4579,tsn
4580,sot
4581,ven
4582,nso
4583,afr
4584,ven
4585,sot
4586,nbl
4587,nbl
4588,ssw
4589,afr
4590,tsn
4591,xho
4592,nso
4593,tso
4594,ssw
4595,eng
4596,eng
4597,tsn
4598,zul
4599,sot
4600,xho
4601,tso
4602,ven
4603,sot
4604,tsn
4605,ven
4606,tsn
4607,afr
4608,sot
4609,xho
4610,nso
4611,tso
4612,zul
4613,nso
4614,nbl
4615,tso
4616,nso
4617,tso
4618,zul
4619,ssw
4620,sot
4621,tso
4622,tso
4623,xho
4624,sot
4625,ssw
4626,zul
4627,ssw
4628,ssw
4629,nbl
4630,sot
4631,tso
4632,nso
4633,tsn
4634,tsn
4635,tso
4636,zul
4637,ven
4638,tso
4639,ven
4640,nso
4641,eng
4642,sot
4643,tsn
4644,ssw
4645,ven
4646,afr
4647,xho
4648,tsn
4649,nbl
4650,xho
4651,ven
4652,zul
4653,zul
4654,nso
4655,zul
4656,tsn
4657,zul
4658,sot
4659,nbl
4660,tso
4661,tsn
4662,nbl
4663,tsn
4664,sot
4665,xho
4666,afr
4667,nbl
4668,tso
4669,ven
4670,zul
4671,xho
4672,zul
4673,sot
4674,ven
4675,eng
4676,ssw
4677,nso
4678,ven
4679,zul
4680,tsn
4681,ssw
4682,zul
4683,sot
4684,nbl
4685,xho
4686,eng
4687,tso
4688,eng
4689,tsn
4690,sot
4691,xho
4692,nso
4693,xho
4694,nbl
4695,tso
4696,sot
4697,eng
4698,ven
4699,zul
4700,sot
4701,nso
4702,nbl
4703,eng
4704,ven
4705,xho
4706,afr
4707,ssw
4708,nbl
4709,xho
4710,sot
4711,ssw
4712,tso
4713,xho
4714,ven
4715,afr
4716,tsn
4717,eng
4718,ssw
4719,afr
4720,xho
4721,xho
4722,zul
4723,ssw
4724,nso
4725,ven
4726,ssw
4727,nbl
4728,sot
4729,nbl
4730,xho
4731,nbl
4732,zul
4733,eng
4734,ssw
4735,ssw
4736,xho
4737,eng
4738,tsn
4739,sot
4740,ssw
4741,afr
4742,ssw
4743,ven
4744,eng
4745,ssw
4746,nso
4747,nso
4748,ssw
4749,ven
4750,afr
4751,zul
4752,ven
4753,zul
4754,xho
4755,sot
4756,eng
4757,nbl
4758,zul
4759,tso
4760,tso
4761,xho
4762,zul
4763,zul
4764,xho
4765,xho
4766,nbl
4767,ven
4768,tsn
4769,xho
4770,afr
4771,zul
4772,ven
4773,ven
4774,tsn
4775,ssw
4776,tso
4777,ven
4778,ven
4779,eng
4780,ven
4781,tso
4782,nbl
4783,nso
4784,nso
4785,nbl
4786,tsn
4787,ven
4788,sot
4789,ven
4790,zul
4791,eng
4792,ven
4793,tso
4794,nso
4795,eng
4796,ven
4797,ssw
4798,eng
4799,ven
4800,nso
4801,afr
4802,ven
4803,tso
4804,nbl
4805,ven
4806,sot
4807,sot
4808,tsn
4809,eng
4810,tso
4811,eng
4812,afr
4813,nbl
4814,afr
4815,eng
4816,nbl
4817,nbl
4818,ssw
4819,nbl
4820,ssw
4821,tso
4822,ssw
4823,sot
4824,ssw
4825,sot
4826,zul
4827,ven
4828,xho
4829,zul
4830,eng
4831,ven
4832,nbl
4833,ssw
4834,eng
4835,nbl
4836,ssw
4837,nso
4838,zul
4839,ssw
4840,sot
4841,tsn
4842,eng
4843,nso
4844,nbl
4845,xho
4846,ven
4847,ssw
4848,nso
4849,nbl
4850,afr
4851,ssw
4852,eng
4853,eng
4854,xho
4855,nso
4856,zul
4857,nbl
4858,tso
4859,ssw
4860,sot
4861,ven
4862,xho
4863,eng
4864,ssw
4865,sot
4866,nso
4867,nso
4868,tso
4869,tsn
4870,eng
4871,ssw
4872,eng
4873,nso
4874,xho
4875,nso
4876,tsn
4877,eng
4878,ssw
4879,tsn
4880,nso
4881,nso
4882,ven
4883,tso
4884,afr
4885,ssw
4886,tsn
4887,sot
4888,tsn
4889,tsn
4890,eng
4891,tsn
4892,ssw
4893,nbl
4894,eng
4895,nso
4896,afr
4897,nbl
4898,afr
4899,nso
4900,sot
4901,ven
4902,ssw
4903,nbl
4904,zul
4905,xho
4906,ssw
4907,sot
4908,xho
4909,eng
4910,tso
4911,sot
4912,tso
4913,tso
4914,ssw
4915,nso
4916,sot
4917,ssw
4918,zul
4919,tsn
4920,nso
4921,ssw
4922,xho
4923,ssw
4924,tso
4925,ssw
4926,afr
4927,nso
4928,nso
4929,xho
4930,xho
4931,zul
4932,nbl
4933,ssw
4934,nbl
4935,ven
4936,nbl
4937,ssw
4938,afr
4939,sot
4940,zul
4941,xho
4942,ven
4943,tso
4944,tso
4945,nbl
4946,xho
4947,sot
4948,xho
4949,nso
4950,xho
4951,ssw
4952,eng
4953,tsn
4954,afr
4955,nbl
4956,xho
4957,xho
4958,tso
4959,nso
4960,nbl
4961,ssw
4962,ssw
4963,tsn
4964,ven
4965,zul
4966,xho
4967,eng
4968,xho
4969,nso
4970,ssw
4971,zul
4972,tso
4973,xho
4974,nso
4975,tso
4976,zul
4977,ven
4978,tso
4979,zul
4980,sot
4981,zul
4982,ssw
4983,eng
4984,nso
4985,tso
4986,afr
4987,ssw
4988,nbl
4989,tsn
4990,tso
4991,ven
4992,tsn
4993,afr
4994,eng
4995,tso
4996,tsn
4997,zul
4998,xho
4999,xho
5000,afr
5001,nso
5002,tsn
5003,ven
5004,nso
5005,eng
5006,nso
5007,ssw
5008,ven
5009,nso
5010,zul
5011,ven
5012,ssw
5013,eng
5014,nbl
5015,zul
5016,tsn
5017,ven
5018,ssw
5019,ven
5020,afr
5021,nbl
5022,tsn
5023,ven
5024,ven
5025,ven
5026,eng
5027,ssw
5028,nso
5029,nbl
5030,sot
5031,ven
5032,nbl
5033,tsn
5034,tsn
5035,eng
5036,tso
5037,nbl
5038,afr
5039,nso
5040,nbl
5041,nso
5042,nso
5043,sot
5044,eng
5045,afr
5046,eng
5047,sot
5048,nso
5049,zul
5050,zul
5051,sot
5052,tso
5053,tsn
5054,tso
5055,ssw
5056,tsn
5057,sot
5058,ssw
5059,afr
5060,tso
5061,tsn
5062,ven
5063,xho
5064,eng
5065,tsn
5066,zul
5067,ssw
5068,afr
5069,sot
5070,tsn
5071,zul
5072,xho
5073,ven
5074,afr
5075,zul
5076,ven
5077,eng
5078,nso
5079,eng
5080,afr
5081,tsn
5082,ven
5083,eng
5084,afr
5085,eng
5086,nbl
5087,ven
5088,nso
5089,eng
5090,afr
5091,nbl
5092,ven
5093,sot
5094,ssw
5095,eng
5096,nso
5097,zul
5098,zul
5099,nbl
5100,sot
5101,nso
5102,nso
5103,xho
5104,xho
5105,sot
5106,afr
5107,nso
5108,afr
5109,eng
5110,eng
5111,nso
5112,ven
5113,eng
5114,sot
5115,ssw
5116,afr
5117,xho
5118,eng
5119,xho
5120,afr
5121,afr
5122,tso
5123,tsn
5124,nso
5125,ven
5126,eng
5127,ven
5128,nbl
5129,sot
5130,eng
5131,nbl
5132,ven
5133,nso
5134,xho
5135,nso
5136,xho
5137,ven
5138,eng
5139,zul
5140,eng
5141,eng
5142,nso
5143,ssw
5144,afr
5145,nbl
5146,ven
5147,eng
5148,tso
5149,eng
5150,nso
5151,tso
5152,eng
5153,ven
5154,xho
5155,nso
5156,zul
5157,ssw
5158,nbl
5159,ven
5160,tso
5161,xho
5162,nso
5163,tso
5164,ven
5165,tsn
5166,ven
5167,afr
5168,nbl
5169,sot
5170,nbl
5171,tso
5172,ven
5173,ssw
5174,ven
5175,xho
5176,sot
5177,afr
5178,tso
5179,nso
5180,eng
5181,zul
5182,sot
5183,nbl
5184,sot
5185,ven
5186,eng
5187,afr
5188,ven
5189,xho
5190,tsn
5191,afr
5192,eng
5193,nso
5194,ssw
5195,tso
5196,xho
5197,eng
5198,afr
5199,eng
5200,tsn
5201,sot
5202,sot
5203,tsn
5204,tso
5205,zul
5206,afr
5207,sot
5208,nbl
5209,zul
5210,afr
5211,ven
5212,sot
5213,tso
5214,xho
5215,xho
5216,sot
5217,ven
5218,nbl
5219,nbl
5220,zul
5221,sot
5222,ssw
5223,tso
5224,tso
5225,nso
5226,eng
5227,sot
5228,afr
5229,tso
5230,tsn
5231,eng
5232,tso
5233,tsn
5234,zul
5235,eng
5236,tsn
5237,ven
5238,afr
5239,nso
5240,nso
5241,xho
5242,ven
5243,xho
5244,tsn
5245,sot
5246,xho
5247,xho
5248,afr
5249,xho
5250,eng
5251,tso
5252,eng
5253,tsn
5254,afr
5255,tso
5256,zul
5257,tso
5258,sot
5259,afr
5260,eng
5261,afr
5262,afr
5263,afr
5264,eng
5265,zul
5266,ssw
5267,tso
5268,nso
5269,ssw
5270,afr
5271,zul
5272,tsn
5273,xho
5274,tsn
5275,tso
5276,nso
5277,sot
5278,nso
5279,sot
5280,afr
5281,xho
5282,zul
5283,nso
5284,zul
5285,tsn
5286,zul
5287,nbl
5288,tsn
5289,nbl
5290,nbl
5291,eng
5292,ssw
5293,nso
5294,eng
5295,nso
5296,eng
5297,tso
5298,afr
5299,tso
5300,sot
5301,ven
5302,eng
5303,afr
5304,zul
5305,tsn
5306,nbl
5307,nbl
5308,zul
5309,eng
5310,nso
5311,xho
5312,afr
5313,afr
5314,eng
5315,tsn
5316,sot
5317,ven
5318,nso
5319,xho
5320,afr
5321,sot
5322,afr
5323,tso
5324,ven
5325,tso
5326,nso
5327,ven
5328,tsn
5329,tsn
5330,sot
5331,xho
5332,eng
5333,nso
5334,zul
5335,ssw
5336,nbl
5337,tsn
5338,ven
5339,ven
5340,nso
5341,nbl
5342,afr
5343,eng
5344,nbl
5345,ven
5346,sot
5347,zul
5348,sot
5349,zul
5350,nso
5351,ssw
5352,tso
5353,sot
5354,sot
5355,eng
5356,eng
5357,ven
5358,sot
5359,sot
5360,sot
5361,tso
5362,ssw
5363,xho
5364,afr
5365,afr
5366,ssw
5367,zul
5368,eng
5369,tso
5370,sot
5371,zul
5372,xho
5373,nso
5374,afr
5375,ssw
5376,ven
5377,sot
5378,xho
5379,ssw
5380,afr
5381,nso
5382,eng
5383,ssw
5384,ven
5385,ven
5386,afr
5387,tso
5388,zul
5389,tso
5390,xho
5391,nbl
5392,nso
5393,tsn
5394,afr
5395,nbl
5396,sot
5397,zul
5398,afr
5399,zul
5400,zul
5401,afr
5402,nbl
5403,sot
5404,nso
5405,afr
5406,sot
5407,zul
5408,sot
5409,zul
5410,zul
5411,afr
5412,zul
5413,sot
5414,nso
5415,ven
5416,nso
5417,sot
5418,sot
5419,sot
5420,sot
5421,nbl
5422,zul
5423,ven
5424,xho
5425,xho
5426,sot
5427,sot
5428,tsn
5429,tso
5430,eng
5431,tso
5432,ven
5433,nbl
5434,tso
5435,tso
5436,ven
5437,zul
5438,sot
5439,eng
5440,xho
5441,nbl
5442,afr
5443,nbl
5444,ssw
5445,ven
5446,tsn
5447,zul
5448,ven
5449,tso
5450,nbl
5451,nbl
5452,tso
5453,tsn
5454,afr
5455,zul
5456,tso
5457,tsn
5458,xho
5459,tso
5460,afr
5461,nso
5462,nbl
5463,sot
5464,ssw
5465,sot
5466,nbl
5467,xho
5468,nbl
5469,afr
5470,tso
5471,eng
5472,sot
5473,eng
5474,sot
5475,ven
5476,xho
5477,ven
5478,sot
5479,zul
5480,ven
5481,eng
5482,afr
5483,ssw
5484,nbl
5485,ssw
5486,nbl
5487,ven
5488,ven
5489,nso
5490,ven
5491,ssw
5492,nso
5493,ven
5494,xho
5495,afr
5496,nbl
5497,ven
5498,zul
5499,afr
5500,tsn
5501,xho
5502,eng
5503,tso
5504,xho
5505,nso
5506,tso
5507,sot
5508,nso
5509,sot
5510,tsn
5511,xho
5512,zul
5513,tso
5514,tsn
5515,afr
5516,tso
5517,sot
5518,tso
5519,xho
5520,eng
5521,zul
5522,eng
5523,tsn
5524,zul
5525,nbl
5526,tso
5527,ssw
5528,afr
5529,sot
5530,ssw
5531,afr
5532,ven
5533,tso
5534,xho
5535,sot
5536,zul
5537,ven
5538,afr
5539,nso
5540,eng
5541,tso
5542,ssw
5543,afr
5544,xho
5545,sot
5546,ssw
5547,nbl
5548,xho
5549,zul
5550,tso
5551,ssw
5552,eng
5553,zul
5554,sot
5555,afr
5556,tso
5557,xho
5558,ssw
5559,ssw
5560,nso
5561,tsn
5562,xho
5563,eng
5564,tso
5565,ssw
5566,tso
5567,zul
5568,sot
5569,zul
5570,ssw
5571,tso
5572,afr
5573,sot
5574,eng
5575,eng
5576,eng
5577,nso
5578,afr
5579,ven
5580,zul
5581,nbl
5582,ven
5583,ven
5584,sot
5585,tsn
5586,eng
5587,afr
5588,nbl
5589,zul
5590,afr
5591,tso
5592,tsn
5593,afr
5594,tsn
5595,xho
5596,ven
5597,afr
5598,ssw
5599,nbl
5600,tsn
5601,afr
5602,zul
5603,sot
5604,nso
5605,ssw
5606,ven
5607,tsn
5608,xho
5609,tso
5610,nso
5611,nso
5612,sot
5613,ssw
5614,nbl
5615,eng
5616,tsn
5617,xho
5618,tso
5619,sot
5620,nbl
5621,tsn
5622,afr
5623,eng
5624,afr
5625,tso
5626,ven
5627,nbl
5628,nso
5629,nso
5630,afr
5631,nbl
5632,ssw
5633,ssw
5634,sot
5635,xho
5636,xho
5637,eng
5638,nbl
5639,xho
5640,afr
5641,nbl
5642,tso
5643,eng
5644,nso
5645,afr
5646,xho
5647,tsn
5648,sot
5649,xho
5650,ven
5651,eng
5652,ven
5653,tsn
5654,tso
5655,tso
5656,xho
5657,eng
5658,ven
5659,nbl
5660,tso
5661,afr
5662,zul
5663,xho
5664,afr
5665,afr
5666,nbl
5667,sot
5668,sot
5669,zul
5670,sot
5671,zul
5672,tsn
5673,xho
5674,xho
5675,eng
5676,eng
5677,nso
5678,zul
5679,tso
5680,zul
5681,sot
5682,eng
